{"cameraMode":{"drawMode":0,"name":"Shaded","section":"Shading Mode"},"sceneLighting":true,"audioPlay":false,"sceneViewState":{"showFog":true,"showMaterialUpdate":false,"showSkybox":true,"showFlares":true,"showImageEffects":true,"showParticleSystems":true},"in2DMode":false,"pivot":{"x":-0.2095775604248047,"y":0.11146239191293717,"z":0.6353810429573059},"rotation":{"x":0.015310145914554596,"y":0.0003104155766777694,"z":-0.000009992041668738239,"w":0.9999006986618042},"size":0.9365203976631165,"orthographic":false}